{
    "loss": 22.630107879638672,
    "accuracy": 0.48201438784599304
}