{
    "loss": 51.40522003173828,
    "accuracy": 0.5467625856399536
}